[
  {
    "id": "279b716e-94b0-40ab-8618-12b315e53746",
    "data": [
      {
        "text": "ข่าว ",
        "userDefined": false
      },
      {
        "text": "3",
        "meta": "@sys.number",
        "alias": "N",
        "userDefined": true
      }
    ],
    "isTemplate": false,
    "count": 0,
    "lang": "th",
    "updated": 0
  },
  {
    "id": "5c06f637-5757-42e5-9cd6-54bcb38528a8",
    "data": [
      {
        "text": "ข่าว",
        "userDefined": false
      },
      {
        "text": "3",
        "meta": "@sys.number",
        "alias": "N",
        "userDefined": true
      }
    ],
    "isTemplate": false,
    "count": 1,
    "lang": "th",
    "updated": 0
  },
  {
    "id": "a1dfb53c-ed75-4581-9c89-0610b9280787",
    "data": [
      {
        "text": "3",
        "meta": "@sys.number",
        "alias": "N",
        "userDefined": true
      }
    ],
    "isTemplate": false,
    "count": 1,
    "lang": "th",
    "updated": 0
  },
  {
    "id": "da592d82-2f37-4f88-9b1b-aa842c9fe677",
    "data": [
      {
        "text": "ข่าว ",
        "userDefined": false
      },
      {
        "text": "1",
        "meta": "@sys.number",
        "alias": "N",
        "userDefined": true
      }
    ],
    "isTemplate": false,
    "count": 0,
    "lang": "th",
    "updated": 0
  }
]