[
  {
    "id": "1b2ffcf8-6b1a-4f1c-a332-5b817f180902",
    "data": [
      {
        "text": "อก ",
        "userDefined": false
      },
      {
        "text": "2 4 7 8 9 10",
        "meta": "@sys.any",
        "alias": "Value",
        "userDefined": true
      }
    ],
    "isTemplate": false,
    "count": 0,
    "lang": "th",
    "updated": 0
  },
  {
    "id": "cde48ae7-cdec-40d4-9bc8-257f116ac289",
    "data": [
      {
        "text": "อก ",
        "userDefined": false
      },
      {
        "text": "1 2 3 4 5 6 7 8 9 10 11",
        "meta": "@sys.any",
        "alias": "Value",
        "userDefined": true
      }
    ],
    "isTemplate": false,
    "count": 0,
    "lang": "th",
    "updated": 0
  }
]